1928-29;1;1;10/02/1929;Arenas de Guecho;At. de Madrid;2;3;Ibaiondo;INSAUSTI;L-A. OLASO;77;L-SUAREZ, M.;89;V-PALACIOS G.;14;V-MARIN;44;V-COSME;56;;;;;;;;;;;;;;;;;;;;;;;;;;;;;;;;;;;;;;
1928-29;1;1;10/02/1929;R.C.D. Espanyol;Real Unión Club;3;2;Sarriá;PEDRO ESCARTIN MORAN;L-PRAT;5;L-ORAMAS N.;60;L-ORAMAS N.;76;V-L. REGUEIRO;52;V-L. REGUEIRO;57;;;;;;;;;;;;;;;;;;;;;;;;;;;;;;;;;;;;;;
1928-29;1;1;10/02/1929;Real Sociedad;Athletic Club;1;1;Atocha;SERRANO DE LA MATA;L-P. BIENZOBAS;30;V-BERGARECHE M.;43;;;;;;;;;;;;;;;;;;;;;;;;;;;;;;;;;;;;;;;;;;;;
1928-29;1;1;10/02/1929;Real Madrid C.F.;C.D. Europa;5;0;Chamartín;ARECES;L-LAZCANO;50;L-LAZCANO;59;L-MORERA L.;63;L-LAZCANO;75;L-LAZCANO;83;;;;;;;;;;;;;;;;;;;;;;;;;;;;;;;;;;;;;;
1928-29;1;1;12/02/1929;Real Racing Club;F.C. Barcelona;0;2;Campos de Sport del Sardinero;MELCON BARTOLOME;V-PARERA;53;V-PARERA;87;;;;;;;;;;;;;;;;;;;;;;;;;;;;;;;;;;;;;;;;;;;;
1928-29;1;2;17/02/1929;Athletic Club;R.C.D. Espanyol;9;0;San Mamés;PEDRO ESCARTIN MORAN;L-CARMELO G.U.;18;L-CARMELO G.U.;32;L-LAFUENTE;39;L-CALERO;49;L-LAFUENTE;58;L-CARMELO G.U.;70;L-VICT. UNAMUNO;75;L-LAFUENTE;81;L-CALERO;86;;;;;;;;;;;;;;;;;;;;;;;;;;;;;;
1928-29;1;2;17/02/1929;At. de Madrid;Real Sociedad;0;3;Stadium Metropolitano;ARECES;V-P. BIENZOBAS;20;V-CHOLIN;35;V-KIRIKI;41;;;;;;;;;;;;;;;;;;;;;;;;;;;;;;;;;;;;;;;;;;
1928-29;1;2;17/02/1929;F.C. Barcelona;Real Madrid C.F.;1;2;Les Corts;STEIMBORN LUDEUVIK;L-PARERA;70;V-MORERA L.;10;V-MORERA L.;55;;;;;;;;;;;;;;;;;;;;;;;;;;;;;;;;;;;;;;;;;;
1928-29;1;2;17/02/1929;C.D. Europa;Arenas de Guecho;5;2;Les Corts;MELCON BARTOLOME;L-CROS;12;L-RAMONZUELO;25;L-CROS;56;L-CROS;68;L-CROS;73;V-SUAREZ, M.;61;V-GURRUCHAGA;80;;;;;;;;;;;;;;;;;;;;;;;;;;;;;;;;;;
1928-29;1;2;17/02/1929;Real Unión Club;Real Racing Club;3;1;Estadio Gal;MONTERO RAMON;L-L. REGUEIRO;56;L-ALFARO R.;72;L-RENE PETIT;80;V-ACEBO;40;;;;;;;;;;;;;;;;;;;;;;;;;;;;;;;;;;;;;;;;
1928-29;1;3;24/02/1929;Arenas de Guecho;Real Unión Club;1;1;Ibaiondo;MONTERO RAMON;L-GURRUCHAGA;41;V-ALFARO R.;60;;;;;;;;;;;;;;;;;;;;;;;;;;;;;;;;;;;;;;;;;;;;
1928-29;1;3;24/02/1929;R.C.D. Espanyol;C.D. Europa;3;1;Sarriá;LLOVERA MAS;L-BROTO;3;L-TENA II;19;L-PADRON M.;27;V-GAMIZ V.;87;;;;;;;;;;;;;;;;;;;;;;;;;;;;;;;;;;;;;;;;
1928-29;1;3;24/02/1929;Real Racing Club;Athletic Club;0;4;Campos de Sport del Sardinero;PEDRO ESCARTIN MORAN;V-VICT. UNAMUNO;37;V-LAFUENTE;44;V-LAFUENTE;65;V-LAFUENTE;72;;;;;;;;;;;;;;;;;;;;;;;;;;;;;;;;;;;;;;;;
1928-29;1;3;24/02/1929;Real Sociedad;F.C. Barcelona;3;0;Atocha;QUINTANA;L-KIRIKI;18;L-P. BIENZOBAS;42;L-CHOLIN;52;;;;;;;;;;;;;;;;;;;;;;;;;;;;;;;;;;;;;;;;;;
1928-29;1;3;24/02/1929;Real Madrid C.F.;At. de Madrid;2;1;Chamartín;COMORERA GATVELLES;L-TRIANA;37;L-TRIANA;53;V-MARIN;28;;;;;;;;;;;;;;;;;;;;;;;;;;;;;;;;;;;;;;;;;;
1928-29;1;4;03/03/1929;Athletic Club;C.D. Europa;2;0;San Mamés;MENCHACA;L-LAFUENTE;18;L-CALERO;68;;;;;;;;;;;;;;;;;;;;;;;;;;;;;;;;;;;;;;;;;;;;
1928-29;1;4;03/03/1929;F.C. Barcelona;Arenas de Guecho;2;2;Les Corts;INSAUSTI;L-GARCIA G.;1;L-WALTER B.;67;V-YERMO;15;V-YERMO;18;;;;;;;;;;;;;;;;;;;;;;;;;;;;;;;;;;;;;;;;
1928-29;1;4;03/03/1929;R.C.D. Espanyol;Real Racing Club;3;0;Sarriá;PEDRO ESCARTIN MORAN;L-ORAMAS N.;42;L-VANTOLRA;65;L-ORAMAS N.;78;;;;;;;;;;;;;;;;;;;;;;;;;;;;;;;;;;;;;;;;;;
1928-29;1;4;03/03/1929;Real Unión Club;At. de Madrid;1;2;Estadio Gal;SERRANO DE LA MATA;L-CARRASCO O.;42;V-MARIN;8;V-MARIN;85;;;;;;;;;;;;;;;;;;;;;;;;;;;;;;;;;;;;;;;;;;
1928-29;1;4;03/03/1929;Real Madrid C.F.;Real Sociedad;2;1;Chamartín;VILALTA BARS;L-LAZCANO;9;L-MORERA L.;37;V-P. BIENZOBAS;58;;;;;;;;;;;;;;;;;;;;;;;;;;;;;;;;;;;;;;;;;;
1928-29;1;5;10/03/1929;Arenas de Guecho;Athletic Club;1;0;Ibaiondo;INSAUSTI;L-YERMO;10;;;;;;;;;;;;;;;;;;;;;;;;;;;;;;;;;;;;;;;;;;;;;;
1928-29;1;5;10/03/1929;At. de Madrid;F.C. Barcelona;4;1;Stadium Metropolitano;MURGUIA;L-COSME;5;L-COSME;30;L-ILLERA;50;L-ILLERA;60;V-PARERA;70;;;;;;;;;;;;;;;;;;;;;;;;;;;;;;;;;;;;;;
1928-29;1;5;10/03/1929;C.D. Europa;Real Unión Club;3;3;El Ginardó;PEDRO ESCARTIN MORAN;L-CORTES ?;20;L-RAMONZUELO;42;L-MAURICIO S.;69;V-GARMENDIA;12;V-URTIZBEREA;37;V-URTIZBEREA;82;;;;;;;;;;;;;;;;;;;;;;;;;;;;;;;;;;;;
1928-29;1;5;10/03/1929;Real Racing Club;Real Madrid C.F.;1;3;Campos de Sport del Sardinero;SARACHO;L-LARRINAGA;37;V-RUBIO M.;57;V-LAZCANO;68;V-CAÑAVERA;82;;;;;;;;;;;;;;;;;;;;;;;;;;;;;;;;;;;;;;;;
1928-29;1;5;10/03/1929;Real Sociedad;R.C.D. Espanyol;1;1;Atocha;NAVAZ;L-CHOLIN;57;V-PADRON M.;75;;;;;;;;;;;;;;;;;;;;;;;;;;;;;;;;;;;;;;;;;;;;
1928-29;1;6;24/03/1929;Arenas de Guecho;Real Sociedad;3;0;Ibaiondo;LEDESMA;L-GURRUCHAGA;23;L-YERMO;67;L-YERMO;82;;;;;;;;;;;;;;;;;;;;;;;;;;;;;;;;;;;;;;;;;;
1928-29;1;6;24/03/1929;At. de Madrid;Real Racing Club;4;0;Stadium Metropolitano;SERRANO DE LA MATA;L-MARIN;4;L-L. OLASO;15;L-LECUBE;68;L-COSME;76;;;;;;;;;;;;;;;;;;;;;;;;;;;;;;;;;;;;;;;;
1928-29;1;6;24/03/1929;F.C. Barcelona;C.D. Europa;5;2;Les Corts;MURGUIA;L-CAMPADABAL, R;18;L-SASTRE P.;31;L-PARERA;40;L-SASTRE P.;51;L-SASTRE P.;62;V-CROS;71;V-CROS;82;;;;;;;;;;;;;;;;;;;;;;;;;;;;;;;;;;
1928-29;1;6;24/03/1929;R.C.D. Espanyol;Real Madrid C.F.;4;0;Sarriá;STEIMBORN LUDEUVIK;L-TENA I;18;L-BROTO;40;L-ORAMAS N.;46;L-ORAMAS N.;75;;;;;;;;;;;;;;;;;;;;;;;;;;;;;;;;;;;;;;;;
1928-29;1;6;24/03/1929;Real Unión Club;Athletic Club;6;3;Estadio Gal;MONTERO RAMON;L-ALZA;2;L-ALZA;10;L-ECHEVESTE G.;27;L-L. REGUEIRO;39;L-GARMENDIA;49;L-L. REGUEIRO;57;V-CHIRRI II;15;V-VICT. UNAMUNO;48;V-CHIRRI II;60;;;;;;;;;;;;;;;;;;;;;;;;;;;;;;
1928-29;1;7;31/03/1929;Athletic Club;F.C. Barcelona;5;1;San Mamés;MELCON BARTOLOME;L-VICT. UNAMUNO;43;L-VICT. UNAMUNO;56;L-GRACIANO;64;L-LAFUENTE;78;L-LAFUENTE;87;V-PARERA;71;;;;;;;;;;;;;;;;;;;;;;;;;;;;;;;;;;;;
1928-29;1;7;31/03/1929;R.C.D. Espanyol;Arenas de Guecho;1;2;Sarriá;ADRADOS;L-ORAMAS N.;57;V-YERMO;20;V-GURRUCHAGA;82;;;;;;;;;;;;;;;;;;;;;;;;;;;;;;;;;;;;;;;;;;
1928-29;1;7;31/03/1929;C.D. Europa;At. de Madrid;4;1;El Ginardó;INSAUSTI;L-PELLICER P.;22;L-PELLICER P.;48;L-COLLS;71;L-ALCAZAR A.;82;V-COSME;60;;;;;;;;;;;;;;;;;;;;;;;;;;;;;;;;;;;;;;
1928-29;1;7;31/03/1929;Real Sociedad;Real Racing Club;8;1;Atocha;PEDRO ESCARTIN MORAN;L-TRINO;12;L-YURRITA;21;L-P. BIENZOBAS;29;L-CHOLIN;34;L-SANTIUSTE;40;L-KIRIKI;42;L-P. BIENZOBAS;67;L-KIRIKI;73;V-LARRINAGA;40;;;;;;;;;;;;;;;;;;;;;;;;;;;;;;
1928-29;1;7;31/03/1929;Real Madrid C.F.;Real Unión Club;2;0;Chamartín;VILALTA BARS;L-RUBIO M.;32;L-RUBIO M.;40;;;;;;;;;;;;;;;;;;;;;;;;;;;;;;;;;;;;;;;;;;;;
1928-29;1;8;07/04/1929;Arenas de Guecho;Real Madrid C.F.;3;2;Ibaiondo;STEIMBORN LUDEUVIK;L-URRESTI;23;L-YERMO;41;L-SARO;78;V-RUBIO M.;51;V-RUBIO M.;80;;;;;;;;;;;;;;;;;;;;;;;;;;;;;;;;;;;;;;
1928-29;1;8;07/04/1929;At. de Madrid;Athletic Club;2;3;Stadium Metropolitano;BARRENA;L-COSME;40;L-VAZQUEZ, J.;52;V-CHIRRI II;5;V-VICT. UNAMUNO;47;V-AYARZA A.;85;;;;;;;;;;;;;;;;;;;;;;;;;;;;;;;;;;;;;;
1928-29;1;8;07/04/1929;F.C. Barcelona;R.C.D. Espanyol;1;0;Les Corts;PEDRO ESCARTIN MORAN;L-SASTRE P.;80;;;;;;;;;;;;;;;;;;;;;;;;;;;;;;;;;;;;;;;;;;;;;;
1928-29;1;8;07/04/1929;Real Racing Club;C.D. Europa;3;2;Campos de Sport del Sardinero;ARECES;L-OSCAR R.;18;L-BARAGAÑO;29;L-OSCAR R.;82;V-CROS;58;V-COLLS;71;;;;;;;;;;;;;;;;;;;;;;;;;;;;;;;;;;;;;;
1928-29;1;8;07/04/1929;Real Unión Club;Real Sociedad;2;3;Estadio Gal;CRUELLA;L-GARMENDIA;13;L-GARMENDIA;38;V-P. BIENZOBAS;54;V-KIRIKI;67;V-P. BIENZOBAS;88;;;;;;;;;;;;;;;;;;;;;;;;;;;;;;;;;;;;;;
1928-29;1;9;21/04/1929;Arenas de Guecho;Real Racing Club;2;1;Ibaiondo;PEDRO ESCARTIN MORAN;L-SARO;34;L-SARO;56;V-LARRINAGA;67;;;;;;;;;;;;;;;;;;;;;;;;;;;;;;;;;;;;;;;;;;
1928-29;1;9;21/04/1929;R.C.D. Espanyol;At. de Madrid;3;2;Sarriá;COMORERA GATVELLES;L-TENA II;5;L-PADRON M.;25;L-VANTOLRA;70;V-VAZQUEZ, J.;17;V-COSME;65;;;;;;;;;;;;;;;;;;;;;;;;;;;;;;;;;;;;;;
1928-29;1;9;21/04/1929;C.D. Europa;Real Sociedad;4;3;El Ginardó;MELCON BARTOLOME;L-ALCAZAR A.;13;L-MAURICIO S.;28;L-CROS;39;L-PELLICER P.;57;V-P. BIENZOBAS;2;V-P. BIENZOBAS;53;V-KIRIKI;85;;;;;;;;;;;;;;;;;;;;;;;;;;;;;;;;;;
1928-29;1;9;21/04/1929;Real Unión Club;F.C. Barcelona;1;2;Estadio Gal;NAVAZ;L-URTIZBEREA;7;V-AROCHA;62;V-SAMITIER;72;;;;;;;;;;;;;;;;;;;;;;;;;;;;;;;;;;;;;;;;;;
1928-29;1;9;21/04/1929;Real Madrid C.F.;Athletic Club;5;1;Chamartín;MENCHACA;L-LOZANO G.;5;L-MORERA L.;39;L-LAZCANO;59;L-LAZCANO;68;L-RUBIO M.;76;V-LAFUENTE;63;;;;;;;;;;;;;;;;;;;;;;;;;;;;;;;;;;;;
1928-29;1;10;28/04/1929;Athletic Club;Real Sociedad;4;2;San Mamés;BARRENA;L-VICT. UNAMUNO;34;L-JUANIN B.;50;L-VICT. UNAMUNO;66;L-MANDALUNIZ;73;V-CHOLIN;8;V-KIRIKI;33;;;;;;;;;;;;;;;;;;;;;;;;;;;;;;;;;;;;
1928-29;1;10;28/04/1929;At. de Madrid;Arenas de Guecho;1;2;Stadium Metropolitano;ARECES;L-MARIN;73;V-GURRUCHAGA;22;V-SUAREZ, M.;37;;;;;;;;;;;;;;;;;;;;;;;;;;;;;;;;;;;;;;;;;;
1928-29;1;10;28/04/1929;F.C. Barcelona;Real Racing Club;5;1;Les Corts;MURGUIA;L-PARERA;23;L-AROCHA;25;L-AROCHA;51;L-AROCHA;55;L-WALTER B.;75;V-OSCAR R.;46;;;;;;;;;;;;;;;;;;;;;;;;;;;;;;;;;;;;
1928-29;1;10;28/04/1929;C.D. Europa;Real Madrid C.F.;5;2;Les Corts;COMORERA GATVELLES;L-BESTIT;8;L-BESTIT;13;L-BESTIT;15;L-CROS;35;L-BESTIT;80;V-RUBIO M.;22;V-LOPEZ, F.;30;;;;;;;;;;;;;;;;;;;;;;;;;;;;;;;;;;
1928-29;1;10;28/04/1929;Real Unión Club;R.C.D. Espanyol;4;3;Estadio Gal;PEDRO ESCARTIN MORAN;L-GARMENDIA;29;L-ECHEVESTE G.;31;L-L. REGUEIRO;34;L-L. REGUEIRO;36;V-TENA I;80;V-BROTO;87;V-VANTOLRA;89;;;;;;;;;;;;;;;;;;;;;;;;;;;;;;;;;;
1928-29;1;11;05/05/1929;Arenas de Guecho;C.D. Europa;2;2;Ibaiondo;MENCHACA;L-YERMO;48;L-YERMO;65;V-ALCAZAR A.;30;V-BESTIT;70;;;;;;;;;;;;;;;;;;;;;;;;;;;;;;;;;;;;;;;;
1928-29;1;11;05/05/1929;R.C.D. Espanyol;Athletic Club;4;1;Sarriá;MELCON BARTOLOME;L-GALLART S.;12;L-TENA II;52;L-GALLART S.;65;L-GALLART S.;74;V-CARMELO G.U.;18;;;;;;;;;;;;;;;;;;;;;;;;;;;;;;;;;;;;;;
1928-29;1;11;05/05/1929;Real Racing Club;Real Unión Club;1;3;Campos de Sport del Sardinero;SERRANO DE LA MATA;L-OSCAR R.;26;V-URTIZBEREA;42;V-L. REGUEIRO;63;V-ECHEVESTE G.;74;;;;;;;;;;;;;;;;;;;;;;;;;;;;;;;;;;;;;;;;
1928-29;1;11;09/05/1929;Real Sociedad;At. de Madrid;3;3;Atocha;SERRANO DE LA MATA;L-P. BIENZOBAS;30;L-YURRITA;35;L-CHOLIN;69;V-DE MIGUEL, A.;28;V-COSME;59;V-COSME;89;;;;;;;;;;;;;;;;;;;;;;;;;;;;;;;;;;;;
1928-29;1;11;09/05/1929;Real Madrid C.F.;F.C. Barcelona;0;1;Chamartín;MENCHACA;V-SASTRE P.;83;;;;;;;;;;;;;;;;;;;;;;;;;;;;;;;;;;;;;;;;;;;;;;
1928-29;1;12;09/05/1929;C.D. Europa;R.C.D. Espanyol;0;3;El Ginardó;COMORERA GATVELLES;V-TENA II;56;V-VANTOLRA;68;V-TENA II;76;;;;;;;;;;;;;;;;;;;;;;;;;;;;;;;;;;;;;;;;;;
1928-29;1;12;12/05/1929;Athletic Club;Real Racing Club;0;0;San Mamés;INSAUSTI;;;;;;;;;;;;;;;;;;;;;;;;;;;;;;;;;;;;;;;;;;;;;;;;
1928-29;1;12;19/05/1929;At. de Madrid;Real Unión Club;3;1;Stadium Metropolitano;QUINTANA;L-MARIN;44;L-ARETA A.;58;L-BERGES;83;V-L. REGUEIRO;63;;;;;;;;;;;;;;;;;;;;;;;;;;;;;;;;;;;;;;;;
1928-29;1;12;19/05/1929;Real Sociedad;Real Madrid C.F.;5;4;Atocha;COMORERA GATVELLES;L-KIRIKI;1;L-MARISCAL B.;35;L-P. BIENZOBAS;38;L-MARCULETA;81;L-CHOLIN;88;V-DEL CAMPO L.;20;V-RUBIO M.;53;V-LAZCANO;68;V-LAZCANO;80;;;;;;;;;;;;;;;;;;;;;;;;;;;;;;
1928-29;1;12;30/06/1929;Arenas de Guecho;F.C. Barcelona;0;2;Ibaiondo;PEDRO ESCARTIN MORAN;V-PARERA;67;V-PARERA;84;;;;;;;;;;;;;;;;;;;;;;;;;;;;;;;;;;;;;;;;;;;;
1928-29;1;13;26/05/1929;Athletic Club;Arenas de Guecho;2;3;San Mamés;INSAUSTI;L-CARMELO G.U.;58;L-LAFUENTE;61;V-YERMO;13;V-GURRUCHAGA;20;V-GURRUCHAGA;81;;;;;;;;;;;;;;;;;;;;;;;;;;;;;;;;;;;;;;
1928-29;1;13;26/05/1929;F.C. Barcelona;At. de Madrid;4;0;Les Corts;COMORERA GATVELLES;L-SASTRE P.;10;L-SAMITIER;43;L-WALTER B.;58;L-SAMITIER;81;;;;;;;;;;;;;;;;;;;;;;;;;;;;;;;;;;;;;;;;
1928-29;1;13;26/05/1929;R.C.D. Espanyol;Real Sociedad;1;1;Sarriá;MELCON BARTOLOME;L-GALLART S.;76;V-P. BIENZOBAS;12;;;;;;;;;;;;;;;;;;;;;;;;;;;;;;;;;;;;;;;;;;;;
1928-29;1;13;26/05/1929;Real Unión Club;C.D. Europa;2;3;Estadio Gal;NAVAZ;L-URTIZBEREA;4;L-URTIZBEREA;41;V-ALCORIZA;17;V-BESTIT;28;V-CIORDIA;56;;;;;;;;;;;;;;;;;;;;;;;;;;;;;;;;;;;;;;
1928-29;1;13;26/05/1929;Real Madrid C.F.;Real Racing Club;2;2;Chamartín;VILALTA BARS;L-LOZANO G.;60;L-LAZCANO;77;V-OSCAR R.;30;V-OSCAR R.;65;;;;;;;;;;;;;;;;;;;;;;;;;;;;;;;;;;;;;;;;
1928-29;1;14;12/05/1929;Real Unión Club;Arenas de Guecho;7;1;Estadio Gal;PEDRO ESCARTIN MORAN;L-URTIZBEREA;15;L-GARMENDIA;28;L-RENE PETIT;33;L-URTIZBEREA;41;L-L. REGUEIRO;62;L-URTIZBEREA;70;L-GARMENDIA;88;V-SUAREZ, M.;21;;;;;;;;;;;;;;;;;;;;;;;;;;;;;;;;
1928-29;1;14;30/05/1929;At. de Madrid;Real Madrid C.F.;0;3;Stadium Metropolitano;COMORERA GATVELLES;V-J. M. PEÑA;25;V-RUBIO M.;28;V-DEL CAMPO L.;84;;;;;;;;;;;;;;;;;;;;;;;;;;;;;;;;;;;;;;;;;;
1928-29;1;14;30/05/1929;F.C. Barcelona;Real Sociedad;1;0;Estadio de Montjuic;PEDRO ESCARTIN MORAN;L-SAMITIER;32;;;;;;;;;;;;;;;;;;;;;;;;;;;;;;;;;;;;;;;;;;;;;;
1928-29;1;14;30/05/1929;C.D. Europa;Athletic Club;1;1;El Ginardó;MELCON BARTOLOME;L-CIORDIA;68;V-LARRACOECHEA;37;;;;;;;;;;;;;;;;;;;;;;;;;;;;;;;;;;;;;;;;;;;;
1928-29;1;14;30/05/1929;Real Racing Club;R.C.D. Espanyol;1;1;Campos de Sport del Sardinero;STEIMBORN LUDEUVIK;L-OSCAR R.;49;V-JUVE;13;;;;;;;;;;;;;;;;;;;;;;;;;;;;;;;;;;;;;;;;;;;;
1928-29;1;15;02/06/1929;Athletic Club;Real Unión Club;2;1;San Mamés;MONTERO RAMON;L-LAFUENTE;57;L-CHIRRI II;70;V-URTIZBEREA;86;;;;;;;;;;;;;;;;;;;;;;;;;;;;;;;;;;;;;;;;;;
1928-29;1;15;02/06/1929;C.D. Europa;F.C. Barcelona;1;1;Estadio de Montjuic;MENCHACA;L-RAMONZUELO;33;V-SAMITIER;24;;;;;;;;;;;;;;;;;;;;;;;;;;;;;;;;;;;;;;;;;;;;
1928-29;1;15;02/06/1929;Real Racing Club;At. de Madrid;1;2;Campos de Sport del Sardinero;MURGUIA;L-LOREDO;57;V-MAZARRASA;2;V-MARIN;30;;;;;;;;;;;;;;;;;;;;;;;;;;;;;;;;;;;;;;;;;;
1928-29;1;15;02/06/1929;Real Sociedad;Arenas de Guecho;3;2;Atocha;SERRANO DE LA MATA;L-CHOLIN;4;L-P. BIENZOBAS;37;L-MARCULETA;53;V-MENCHACA;5;V-GURRUCHAGA;85;;;;;;;;;;;;;;;;;;;;;;;;;;;;;;;;;;;;;;
1928-29;1;15;02/06/1929;Real Madrid C.F.;R.C.D. Espanyol;2;0;Chamartín;QUINTANA;L-RUBIO M.;40;L-TRIANA;44;;;;;;;;;;;;;;;;;;;;;;;;;;;;;;;;;;;;;;;;;;;;
1928-29;1;16;09/06/1929;Arenas de Guecho;R.C.D. Espanyol;3;0;Ibaiondo;MELCON BARTOLOME;L-MENCHACA;5;L-VIRGILI;20;L-YERMO;34;;;;;;;;;;;;;;;;;;;;;;;;;;;;;;;;;;;;;;;;;;
1928-29;1;16;09/06/1929;At. de Madrid;C.D. Europa;5;4;Stadium Metropolitano;VALLANA JEANGUENAT;L-COSME;10;L-ZABALA ?;12;L-COSME;16;L-COSME;65;L-COSME;89;V-PELLICER P.;25;V-BESTIT;31;V-CIORDIA;40;V-BESTIT;78;;;;;;;;;;;;;;;;;;;;;;;;;;;;;;
1928-29;1;16;09/06/1929;F.C. Barcelona;Athletic Club;3;0;Estadio de Montjuic;PEDRO ESCARTIN MORAN;L-SAMITIER;57;L-SAMITIER;59;L-SASTRE P.;86;;;;;;;;;;;;;;;;;;;;;;;;;;;;;;;;;;;;;;;;;;
1928-29;1;16;09/06/1929;Real Racing Club;Real Sociedad;6;1;Campos de Sport del Sardinero;CRUELLA;L-AMOS;36;L-AMOS;43;L-LOREDO;73;L-LOREDO;77;L-ACEBO;81;L-ACEBO;87;V-MARISCAL B.;15;;;;;;;;;;;;;;;;;;;;;;;;;;;;;;;;;;
1928-29;1;16;09/06/1929;Real Unión Club;Real Madrid C.F.;0;2;Estadio Gal;QUINTANA;V-RUBIO M.;9;V-J. M. PEÑA;50;;;;;;;;;;;;;;;;;;;;;;;;;;;;;;;;;;;;;;;;;;;;
1928-29;1;17;16/06/1929;Athletic Club;At. de Madrid;3;3;San Mamés;QUINTANA;L-MANDALUNIZ;7;L-MORIONES;73;L-MANDALUNIZ;80;V-ARETA A.;14;V-MARIN;74;V-COSME;77;;;;;;;;;;;;;;;;;;;;;;;;;;;;;;;;;;;;
1928-29;1;17;16/06/1929;R.C.D. Espanyol;F.C. Barcelona;1;1;Estadio de Montjuic;PEDRO ESCARTIN MORAN;L-JUVE;54;V-SASTRE P.;89;;;;;;;;;;;;;;;;;;;;;;;;;;;;;;;;;;;;;;;;;;;;
1928-29;1;17;16/06/1929;C.D. Europa;Real Racing Club;4;1;El Ginardó;MURGUIA;L-BESTIT;70;L-CROS;73;L-CROS;75;L-CIORDIA;77;V-LARRINAGA;74;;;;;;;;;;;;;;;;;;;;;;;;;;;;;;;;;;;;;;
1928-29;1;17;16/06/1929;Real Sociedad;Real Unión Club;3;2;Atocha;VILALTA BARS;L-YURRITA;43;L-P. BIENZOBAS;71;L-MARISCAL B.;84;V-L. REGUEIRO;29;V-GARMENDIA;53;;;;;;;;;;;;;;;;;;;;;;;;;;;;;;;;;;;;;;
1928-29;1;17;16/06/1929;Real Madrid C.F.;Arenas de Guecho;2;0;Chamartín;MARTIN;L-QUESADA;18;L-TRIANA;83;;;;;;;;;;;;;;;;;;;;;;;;;;;;;;;;;;;;;;;;;;;;
1928-29;1;18;23/06/1929;Athletic Club;Real Madrid C.F.;2;0;San Mamés;MENCHACA;L-VICT. UNAMUNO;6;L-CARMELO G.U.;77;;;;;;;;;;;;;;;;;;;;;;;;;;;;;;;;;;;;;;;;;;;;
1928-29;1;18;23/06/1929;At. de Madrid;R.C.D. Espanyol;7;1;Stadium Metropolitano;GONZALEZ ROMERO;L-MARIN;30;L-MARIN;43;L-ORDOÑEZ;47;L-COSME;54;L-L. OLASO;61;L-ARETA A.;73;L-MARIN;77;V-ORAMAS N.;33;;;;;;;;;;;;;;;;;;;;;;;;;;;;;;;;
1928-29;1;18;23/06/1929;F.C. Barcelona;Real Unión Club;4;1;Les Corts;ARECES;L-SASTRE P.;15;L-PARERA;27;L-SASTRE P.;61;L-PARERA;74;V-URTIZBEREA;42;;;;;;;;;;;;;;;;;;;;;;;;;;;;;;;;;;;;;;
1928-29;1;18;23/06/1929;Real Racing Club;Arenas de Guecho;5;1;Campos de Sport del Sardinero;INSAUSTI;L-LARRINAGA;20;L-CLADERA;23;L-LARRINAGA;41;L-CLADERA;54;L-LOREDO;73;V-MENCHACA;61;;;;;;;;;;;;;;;;;;;;;;;;;;;;;;;;;;;;
1928-29;1;18;23/06/1929;Real Sociedad;C.D. Europa;5;4;Atocha;NAVAZ;L-P. BIENZOBAS;40;L-BELAUSTE;60;L-BELAUSTE;62;L-P. BIENZOBAS;68;L-KIRIKI;87;V-MAURICIO S.;20;V-CIORDIA;54;V-BESTIT;56;V-XIFREU;74;;;;;;;;;;;;;;;;;;;;;;;;;;;;;;
1929-30;1;1;01/12/1929;Athletic Club;Real Madrid C.F.;2;1;San Mamés;VILALTA BARS;L-VICT. UNAMUNO;15;L-VICT. UNAMUNO;27;V-RUBIO M.;11;;;;;;;;;;;;;;;;;;;;;;;;;;;;;;;;;;;;;;;;;;
1929-30;1;1;01/12/1929;At. de Madrid;C.D. Europa;5;3;Chamartín;MELCON BARTOLOME;L-COSTA C.;31;L-MARIN;35;L-MARIN;44;L-CUESTA;50;L-MARIN;75;V-CROS;10;V-BESTIT II;17;V-CROS;67;;;;;;;;;;;;;;;;;;;;;;;;;;;;;;;;
1929-30;1;1;01/12/1929;F.C. Barcelona;Real Sociedad;3;0;Les Corts;VILLENA;L-GOIBURU;12;L-SAMITIER;36;L-GOIBURU;89;;;;;;;;;;;;;;;;;;;;;;;;;;;;;;;;;;;;;;;;;;
1929-30;1;1;01/12/1929;Real Racing Club;R.C.D. Espanyol;4;1;Campos de Sport del Sardinero;STEIMBORN LUDEUVIK;L-LARRINAGA;4;L-CLADERA;56;L-CLADERA;60;L-LOREDO;88;V-ZAMORETA;10;;;;;;;;;;;;;;;;;;;;;;;;;;;;;;;;;;;;;;
1929-30;1;1;01/12/1929;Real Unión Club;Arenas de Guecho;3;2;Estadio Gal;BARRENA;L-URTIZBEREA;12;L-URTIZBEREA;47;L-GARMENDIA;50;V-SARO;14;V-OLANO U.;85;;;;;;;;;;;;;;;;;;;;;;;;;;;;;;;;;;;;;;
1929-30;1;2;08/12/1929;Arenas de Guecho;F.C. Barcelona;1;3;Ibaiondo;STEIMBORN LUDEUVIK;L-YERMO;35;V-BESTIT;41;V-AROCHA;60;V-AROCHA;72;;;;;;;;;;;;;;;;;;;;;;;;;;;;;;;;;;;;;;;;
1929-30;1;2;08/12/1929;R.C.D. Espanyol;At. de Madrid;1;0;Sarriá;COMORERA GATVELLES;L-JUVE;75;;;;;;;;;;;;;;;;;;;;;;;;;;;;;;;;;;;;;;;;;;;;;;
1929-30;1;2;08/12/1929;C.D. Europa;Athletic Club;2;2;El Ginardó;MELCON BARTOLOME;L-MAURICIO S.;57;L-MAURICIO S.;72;V-VICT. UNAMUNO;10;V-GOROSTIZA;70;;;;;;;;;;;;;;;;;;;;;;;;;;;;;;;;;;;;;;;;
1929-30;1;2;08/12/1929;Real Sociedad;Real Racing Club;7;0;Atocha;CRUELLA;L-AYESTARAN;13;L-MARISCAL B.;30;L-KIRIKI;35;L-KIRIKI;37;L-CHOLIN;58;L-CHOLIN;66;L-CHOLIN;72;;;;;;;;;;;;;;;;;;;;;;;;;;;;;;;;;;
1929-30;1;2;08/12/1929;Real Madrid C.F.;Real Unión Club;2;2;Chamartín;MONTERO RAMON;L-RUBIO M.;5;L-TRIANA;35;V-SAGARZAZU M.;57;V-RENE PETIT;68;;;;;;;;;;;;;;;;;;;;;;;;;;;;;;;;;;;;;;;;
1929-30;1;3;15/12/1929;Athletic Club;Real Sociedad;2;2;San Mamés;MELCON BARTOLOME;L-ZALDUA A.;14;L-VICT. UNAMUNO;63;V-AYESTARAN;2;V-AYESTARAN;44;;;;;;;;;;;;;;;;;;;;;;;;;;;;;;;;;;;;;;;;
1929-30;1;3;15/12/1929;At. de Madrid;Real Madrid C.F.;2;1;Chamartín;MONTERO RAMON;L-MARIN;25;L-CUESTA;35;V-RUBIO M.;80;;;;;;;;;;;;;;;;;;;;;;;;;;;;;;;;;;;;;;;;;;
1929-30;1;3;15/12/1929;F.C. Barcelona;C.D. Europa;2;1;Les Corts;LLOVERA MAS;L-SAMITIER;30;L-SAMITIER;43;V-BESTIT II;10;;;;;;;;;;;;;;;;;;;;;;;;;;;;;;;;;;;;;;;;;;
1929-30;1;3;15/12/1929;Real Racing Club;Arenas de Guecho;2;5;Campos de Sport del Sardinero;PEDRO ESCARTIN MORAN;L-MADRAZO, M.;40;L-LOREDO;86;V-GURRUCHAGA;4;V-YERMO;37;V-YERMO;46;V-JUANITO E.;57;V-JUANITO E.;71;;;;;;;;;;;;;;;;;;;;;;;;;;;;;;;;;;
1929-30;1;3;15/12/1929;Real Unión Club;R.C.D. Espanyol;3;3;Estadio Gal;BARRENA;L-L. REGUEIRO;17;L-GARMENDIA;73;L-L. REGUEIRO;85;V-JUVE;18;V-VANTOLRA;35;V-VANTOLRA;66;;;;;;;;;;;;;;;;;;;;;;;;;;;;;;;;;;;;
1929-30;1;4;22/12/1929;Arenas de Guecho;C.D. Europa;2;3;Ibaiondo;INSAUSTI;L-JUANITO E.;14;L-YERMO;32;V-CROS;10;V-ESCRICH;19;V-CIORDIA;41;;;;;;;;;;;;;;;;;;;;;;;;;;;;;;;;;;;;;;
1929-30;1;4;22/12/1929;At. de Madrid;Real Unión Club;3;3;Chamartín;PEDRO ESCARTIN MORAN;L-MARIN;5;L-CUESTA;30;L-MARIN;35;V-RENE PETIT;50;V-ALZA;65;V-GARMENDIA;70;;;;;;;;;;;;;;;;;;;;;;;;;;;;;;;;;;;;
1929-30;1;4;22/12/1929;F.C. Barcelona;Real Racing Club;5;0;Les Corts;ARECES;L-AROCHA;28;L-AROCHA;43;L-PIERA;56;L-BESTIT;68;L-ROGELIO;82;;;;;;;;;;;;;;;;;;;;;;;;;;;;;;;;;;;;;;
1929-30;1;4;22/12/1929;R.C.D. Espanyol;Athletic Club;2;2;Sarriá;MELCON BARTOLOME;L-GALLART S.;27;L-VANTOLRA;39;V-CHIRRI II;56;V-LAFUENTE;78;;;;;;;;;;;;;;;;;;;;;;;;;;;;;;;;;;;;;;;;
1929-30;1;4;22/12/1929;Real Sociedad;Real Madrid C.F.;4;0;Atocha;STEIMBORN LUDEUVIK;L-BELAUSTE;1;L-AYESTARAN;41;L-AYESTARAN;68;L-BELAUSTE;73;;;;;;;;;;;;;;;;;;;;;;;;;;;;;;;;;;;;;;;;
1929-30;1;5;29/12/1929;Arenas de Guecho;Athletic Club;3;3;Ibaiondo;LLOVERA MAS;L-LAÑA;14;L-GURRUCHAGA;22;L-ANDUIZA;37;V-GOROSTIZA;10;V-VICT. UNAMUNO;39;V-VICT. UNAMUNO;43;;;;;;;;;;;;;;;;;;;;;;;;;;;;;;;;;;;;
1929-30;1;5;29/12/1929;C.D. Europa;Real Sociedad;3;2;El Ginardó;MELCON BARTOLOME;L-ALCAZAR A.;20;L-GIRONES;30;L-ALCAZAR A.;71;V-TRINO;77;V-CHOLIN;83;;;;;;;;;;;;;;;;;;;;;;;;;;;;;;;;;;;;;;
1929-30;1;5;29/12/1929;Real Racing Club;At. de Madrid;3;2;Campos de Sport del Sardinero;INSAUSTI;L-LOREDO;31;L-LARRINAGA;40;L-OSCAR R.;46;V-MARIN;20;V-ILLERA;27;;;;;;;;;;;;;;;;;;;;;;;;;;;;;;;;;;;;;;
1929-30;1;5;29/12/1929;Real Unión Club;F.C. Barcelona;1;3;Estadio Gal;PEDRO ESCARTIN MORAN;L-L. REGUEIRO;89;V-AROCHA;4;V-AROCHA;70;V-BESTIT;77;;;;;;;;;;;;;;;;;;;;;;;;;;;;;;;;;;;;;;;;
1929-30;1;5;29/12/1929;Real Madrid C.F.;R.C.D. Espanyol;2;4;Chamartín;QUINTANA;L-GALE;25;L-L. OLASO;74;V-TENA II;10;V-BOSCH E.;56;V-ZAMORETA;58;V-VANTOLRA;60;;;;;;;;;;;;;;;;;;;;;;;;;;;;;;;;;;;;
1929-30;1;6;05/01/1930;Athletic Club;Real Unión Club;5;2;San Mamés;PEDRO ESCARTIN MORAN;L-CHIRRI II;12;L-CHIRRI II;13;L-VICT. UNAMUNO;20;L-CHIRRI II;75;L-GOROSTIZA;81;V-L. REGUEIRO;30;V-URTIZBEREA;35;;;;;;;;;;;;;;;;;;;;;;;;;;;;;;;;;;
1929-30;1;6;05/01/1930;F.C. Barcelona;At. de Madrid;4;2;Les Corts;STEIMBORN LUDEUVIK;L-SASTRE P.;44;L-BESTIT;50;L-SASTRE P.;53;L-BESTIT;62;V-COSTA C.;16;V-COSTA C.;65;;;;;;;;;;;;;;;;;;;;;;;;;;;;;;;;;;;;
1929-30;1;6;05/01/1930;Real Sociedad;Arenas de Guecho;4;4;Atocha;LEDESMA;L-AYESTARAN;25;L-CHOLIN;28;L-AMADEO L.;43;L-URRESTI;75;V-RIVERO U.;8;V-GURRUCHAGA;42;V-GURRUCHAGA;48;V-ILUNDAIN;83;;;;;;;;;;;;;;;;;;;;;;;;;;;;;;;;
1929-30;1;6;05/01/1930;Real Madrid C.F.;Real Racing Club;6;0;Chamartín;VILALTA BARS;L-GALE;2;L-PRATS;4;L-SAN MIGUEL;5;L-RUBIO M.;55;L-RUBIO M.;60;L-QUESADA;84;;;;;;;;;;;;;;;;;;;;;;;;;;;;;;;;;;;;
1929-30;1;6;09/01/1930;R.C.D. Espanyol;C.D. Europa;1;2;Sarriá;COMORERA GATVELLES;L-TENA II;32;V-BESTIT II;4;V-BESTIT II;60;;;;;;;;;;;;;;;;;;;;;;;;;;;;;;;;;;;;;;;;;;
1929-30;1;7;12/01/1930;Arenas de Guecho;R.C.D. Espanyol;2;0;Ibaiondo;MARTIN;L-MENCHACA;14;L-GURRUCHAGA;43;;;;;;;;;;;;;;;;;;;;;;;;;;;;;;;;;;;;;;;;;;;;
1929-30;1;7;12/01/1930;At. de Madrid;Real Sociedad;1;1;Stadium Metropolitano;MELCON BARTOLOME;L-MARIN;85;V-YURRITA;75;;;;;;;;;;;;;;;;;;;;;;;;;;;;;;;;;;;;;;;;;;;;
1929-30;1;7;12/01/1930;F.C. Barcelona;Athletic Club;1;1;Les Corts;QUINTANA;L-PIERA;17;V-GOROSTIZA;77;;;;;;;;;;;;;;;;;;;;;;;;;;;;;;;;;;;;;;;;;;;;
1929-30;1;7;12/01/1930;C.D. Europa;Real Madrid C.F.;1;2;El Ginardó;STEIMBORN LUDEUVIK;L-BESTIT II;38;V-RUBIO M.;7;V-RUBIO M.;61;;;;;;;;;;;;;;;;;;;;;;;;;;;;;;;;;;;;;;;;;;
1929-30;1;7;12/01/1930;Real Unión Club;Real Racing Club;6;3;Estadio Gal;MONTERO RAMON;L-URTIZBEREA;2;L-L. REGUEIRO;16;L-URTIZBEREA;49;L-URTIZBEREA;53;L-URTIZBEREA;57;L-L. REGUEIRO;88;V-ALZA;31;V-LOREDO;62;V-LARRINAGA;68;;;;;;;;;;;;;;;;;;;;;;;;;;;;;;
1929-30;1;8;19/01/1930;Athletic Club;At. de Madrid;6;1;San Mamés;INSAUSTI;L-IRARAGORRI;1;L-SANTOS, V.;30;L-ROBERTO E.A.;67;L-VICT. UNAMUNO;71;L-VICT. UNAMUNO;75;L-CHIRRI II;77;V-BLASCO S.;44;;;;;;;;;;;;;;;;;;;;;;;;;;;;;;;;;;
1929-30;1;8;19/01/1930;R.C.D. Espanyol;F.C. Barcelona;4;0;Sarriá;PEDRO ESCARTIN MORAN;L-GALLART S.;18;L-GALLART S.;26;L-VANTOLRA;39;L-GALLART S.;67;;;;;;;;;;;;;;;;;;;;;;;;;;;;;;;;;;;;;;;;
1929-30;1;8;19/01/1930;Real Racing Club;C.D. Europa;6;0;Campos de Sport del Sardinero;ARECES;L-LARRINAGA;15;L-AMOS;38;L-LARRINAGA;55;L-LOREDO;58;L-BARAGAÑO;70;L-SANTI Z.;88;;;;;;;;;;;;;;;;;;;;;;;;;;;;;;;;;;;;
1929-30;1;8;19/01/1930;Real Sociedad;Real Unión Club;2;3;Atocha;LEDESMA;L-CHOLIN;10;L-P. BIENZOBAS;70;V-L. REGUEIRO;15;V-GARMENDIA;61;V-L. REGUEIRO;77;;;;;;;;;;;;;;;;;;;;;;;;;;;;;;;;;;;;;;
1929-30;1;8;19/01/1930;Real Madrid C.F.;Arenas de Guecho;5;2;Chamartín;COMORERA GATVELLES;L-GALE;10;L-LAZCANO;50;L-ESPARZA E.;51;L-GALE;63;L-LAZCANO;76;V-RIVERO U.;3;V-RIVERO U.;81;;;;;;;;;;;;;;;;;;;;;;;;;;;;;;;;;;
1929-30;1;9;26/01/1930;Athletic Club;Real Racing Club;4;0;San Mamés;INSAUSTI;L-VICT. UNAMUNO;27;L-GARIZURRIETA;42;L-IRARAGORRI;66;L-GOROSTIZA;70;;;;;;;;;;;;;;;;;;;;;;;;;;;;;;;;;;;;;;;;
1929-30;1;9;26/01/1930;At. de Madrid;Arenas de Guecho;1;3;Stadium Metropolitano;VILALTA BARS;L-COSTA C.;35;V-MENCHACA;10;V-GURRUCHAGA;60;V-GURRUCHAGA;68;;;;;;;;;;;;;;;;;;;;;;;;;;;;;;;;;;;;;;;;
1929-30;1;9;26/01/1930;F.C. Barcelona;Real Madrid C.F.;1;4;Les Corts;QUINTERO;L-BESTIT;63;V-RUBIO M.;10;V-LOPEZ, F.;17;V-RUBIO M.;37;V-LAZCANO;71;;;;;;;;;;;;;;;;;;;;;;;;;;;;;;;;;;;;;;
1929-30;1;9;26/01/1930;C.D. Europa;Real Unión Club;0;1;El Ginardó;NAVAZ;V-LAYOLA;43;;;;;;;;;;;;;;;;;;;;;;;;;;;;;;;;;;;;;;;;;;;;;;
1929-30;1;9;26/01/1930;Real Sociedad;R.C.D. Espanyol;1;0;Atocha;STEIMBORN LUDEUVIK;L-MARCULETA;86;;;;;;;;;;;;;;;;;;;;;;;;;;;;;;;;;;;;;;;;;;;;;;
1929-30;1;10;02/02/1930;Arenas de Guecho;Real Unión Club;7;2;Ibaiondo;CORTADI;L-JUANITO E.;37;L-JUANITO E.;39;L-JUANITO E.;41;L-GURRUCHAGA;60;L-SARO;61;L-SARO;65;L-SARO;72;V-URTIZBEREA;25;V-HERRANDONEA J;85;;;;;;;;;;;;;;;;;;;;;;;;;;;;;;
1929-30;1;10;02/02/1930;R.C.D. Espanyol;Real Racing Club;3;0;Sarriá;SARACHO;L-VANTOLRA;6;L-VANTOLRA;75;L-ALAMO;80;;;;;;;;;;;;;;;;;;;;;;;;;;;;;;;;;;;;;;;;;;
1929-30;1;10;02/02/1930;C.D. Europa;At. de Madrid;2;0;El Ginardó;ARRIBAS SEIJAS;L-LAYOLA;4;L-GIRONES;38;;;;;;;;;;;;;;;;;;;;;;;;;;;;;;;;;;;;;;;;;;;;
1929-30;1;10;02/02/1930;Real Sociedad;F.C. Barcelona;1;2;Atocha;BARRENA;L-CHOLIN;13;V-GOIBURU;18;V-PARERA;25;;;;;;;;;;;;;;;;;;;;;;;;;;;;;;;;;;;;;;;;;;
1929-30;1;10;02/02/1930;Real Madrid C.F.;Athletic Club;2;3;Chamartín;QUINTANA;L-LAZCANO;48;L-RUBIO M.;85;V-GOROSTIZA;49;V-GOROSTIZA;55;V-VICT. UNAMUNO;61;;;;;;;;;;;;;;;;;;;;;;;;;;;;;;;;;;;;;;
1929-30;1;11;09/02/1930;Athletic Club;C.D. Europa;3;0;San Mamés;MELCON BARTOLOME;L-IRARAGORRI;2;L-GOROSTIZA;64;L-LAFUENTE;83;;;;;;;;;;;;;;;;;;;;;;;;;;;;;;;;;;;;;;;;;;
1929-30;1;11;09/02/1930;F.C. Barcelona;Arenas de Guecho;3;1;Les Corts;BARRENA;L-AROCHA;16;L-GARCIA G.;37;L-BESTIT;80;V-MENCHACA;42;;;;;;;;;;;;;;;;;;;;;;;;;;;;;;;;;;;;;;;;
1929-30;1;11;09/02/1930;Real Racing Club;Real Sociedad;2;0;Campos de Sport del Sardinero;NAVAZ;L-BARAGAÑO;55;L-CLADERA;67;;;;;;;;;;;;;;;;;;;;;;;;;;;;;;;;;;;;;;;;;;;;
1929-30;1;11;09/02/1930;Real Unión Club;Real Madrid C.F.;2;2;Estadio Gal;LEDESMA;L-ALFARO R.;17;L-URTIZBEREA;67;V-GALE;37;V-RUBIO M.;53;;;;;;;;;;;;;;;;;;;;;;;;;;;;;;;;;;;;;;;;
1929-30;1;11;12/02/1930;At. de Madrid;R.C.D. Espanyol;2;0;Stadium Metropolitano;PEDRO ESCARTIN MORAN;L-CABRAL ?;35;L-MARIN;76;;;;;;;;;;;;;;;;;;;;;;;;;;;;;;;;;;;;;;;;;;;;
1929-30;1;12;16/02/1930;Arenas de Guecho;Real Racing Club;5;1;Ibaiondo;INSAUSTI;L-RIVERO U.;32;L-RIVERO U.;46;L-SARO;49;L-MENCHACA;58;L-GURRUCHAGA;71;V-LOREDO;63;;;;;;;;;;;;;;;;;;;;;;;;;;;;;;;;;;;;
1929-30;1;12;16/02/1930;R.C.D. Espanyol;Real Unión Club;3;1;Sarriá;ARECES;L-PADRON M.;40;L-VANTOLRA;80;L-PADRON M.;83;V-L. REGUEIRO;65;;;;;;;;;;;;;;;;;;;;;;;;;;;;;;;;;;;;;;;;
1929-30;1;12;16/02/1930;C.D. Europa;F.C. Barcelona;0;3;El Ginardó;ARRIBAS SEIJAS;V-GARCIA G.;7;V-GARCIA G.;31;V-GOIBURU;73;;;;;;;;;;;;;;;;;;;;;;;;;;;;;;;;;;;;;;;;;;
1929-30;1;12;16/02/1930;Real Sociedad;Athletic Club;1;7;Atocha;PEDRO ESCARTIN MORAN;L-CHOLIN;16;V-GOROSTIZA;19;V-IRARAGORRI;21;V-IRARAGORRI;28;V-IRARAGORRI;52;V-GOROSTIZA;57;V-VICT. UNAMUNO;59;V-GOROSTIZA;66;;;;;;;;;;;;;;;;;;;;;;;;;;;;;;;;
1929-30;1;12;16/02/1930;Real Madrid C.F.;At. de Madrid;4;1;Chamartín;BALAGUER;L-COMINGES;5;L-RUBIO M.;35;L-RUBIO M.;40;L-RUBIO M.;43;V-ORDOÑEZ;83;;;;;;;;;;;;;;;;;;;;;;;;;;;;;;;;;;;;;;
1929-30;1;13;23/02/1930;Athletic Club;R.C.D. Espanyol;6;0;San Mamés;MELCON BARTOLOME;L-IRARAGORRI;33;L-GOROSTIZA;42;L-IRARAGORRI;53;L-IRARAGORRI;66;L-IRARAGORRI;79;L-VICT. UNAMUNO;80;;;;;;;;;;;;;;;;;;;;;;;;;;;;;;;;;;;;
1929-30;1;13;23/02/1930;C.D. Europa;Arenas de Guecho;1;2;El Ginardó;ARECES;L-ESCRICH;27;V-GURRUCHAGA;58;V-MENCHACA;62;;;;;;;;;;;;;;;;;;;;;;;;;;;;;;;;;;;;;;;;;;
1929-30;1;13;23/02/1930;Real Racing Club;F.C. Barcelona;2;1;Campos de Sport del Sardinero;STEIMBORN LUDEUVIK;L-LARRINAGA;77;L-LARRINAGA;85;V-PARERA;36;;;;;;;;;;;;;;;;;;;;;;;;;;;;;;;;;;;;;;;;;;
1929-30;1;13;23/02/1930;Real Unión Club;At. de Madrid;8;2;Estadio Gal;BARRENA;L-ALFARO R.;5;L-ALFARO R.;14;L-L. REGUEIRO;30;L-URTIZBEREA;52;L-L. REGUEIRO;59;L-URTIZBEREA;65;L-L. REGUEIRO;76;L-ALFARO R.;85;V-COSTA C.;10;V-PEIRO S.;49;;;;;;;;;;;;;;;;;;;;;;;;;;;;
1929-30;1;13;23/02/1930;Real Madrid C.F.;Real Sociedad;1;1;Chamartín;NAVAZ;L-COMINGES;13;V-MARCULETA;17;;;;;;;;;;;;;;;;;;;;;;;;;;;;;;;;;;;;;;;;;;;;
1929-30;1;14;02/03/1930;Athletic Club;Arenas de Guecho;5;2;San Mamés;BARRENA;L-GOROSTIZA;19;L-GOROSTIZA;34;L-GOROSTIZA;39;L-IRARAGORRI;43;L-GOROSTIZA;46;V-GURRUCHAGA;55;V-RIVERO U.;59;;;;;;;;;;;;;;;;;;;;;;;;;;;;;;;;;;
1929-30;1;14;02/03/1930;At. de Madrid;Real Racing Club;3;1;Stadium Metropolitano;VILALTA BARS;L-MARIN;11;L-PEIRO S.;30;L-MARIN;77;V-LOREDO;45;;;;;;;;;;;;;;;;;;;;;;;;;;;;;;;;;;;;;;;;
1929-30;1;14;02/03/1930;Real Sociedad;C.D. Europa;2;0;Atocha;MELCON BARTOLOME;L-CHOLIN;14;L-YURRITA;79;;;;;;;;;;;;;;;;;;;;;;;;;;;;;;;;;;;;;;;;;;;;
1929-30;1;14;05/03/1930;F.C. Barcelona;Real Unión Club;4;2;Les Corts;PEDRO ESCARTIN MORAN;L-BESTIT;39;L-AROCHA;60;L-BESTIT;80;L-SASTRE P.;83;V-URTIZBEREA;51;V-URTIZBEREA;54;;;;;;;;;;;;;;;;;;;;;;;;;;;;;;;;;;;;
1929-30;1;14;05/03/1930;R.C.D. Espanyol;Real Madrid C.F.;8;1;Sarriá;COMORERA GATVELLES;L-VANTOLRA;3;L-BOSCH E.;15;L-ALAMO;35;L-GALLART S.;49;L-VANTOLRA;56;L-PADRON M.;70;L-SOLE JUNOY;72;L-PADRON M.;80;V-RUBIO M.;20;;;;;;;;;;;;;;;;;;;;;;;;;;;;;;
1929-30;1;15;09/03/1930;Arenas de Guecho;Real Sociedad;3;1;Ibaiondo;LARRACOECHEA;L-GURRUCHAGA;43;L-GURRUCHAGA;56;L-MENCHACA;75;V-YURRITA;22;;;;;;;;;;;;;;;;;;;;;;;;;;;;;;;;;;;;;;;;
1929-30;1;15;09/03/1930;At. de Madrid;F.C. Barcelona;3;2;Stadium Metropolitano;BARRENA;L-ORDOÑEZ;3;L-COSTA C.;42;L-COSTA C.;73;V-BESTIT;25;V-GOIBURU;30;;;;;;;;;;;;;;;;;;;;;;;;;;;;;;;;;;;;;;
1929-30;1;15;09/03/1930;C.D. Europa;R.C.D. Espanyol;1;2;El Ginardó;BALAGUER;L-BESTIT II;62;V-BOSCH E.;37;V-VANTOLRA;72;;;;;;;;;;;;;;;;;;;;;;;;;;;;;;;;;;;;;;;;;;
1929-30;1;15;09/03/1930;Real Racing Club;Real Madrid C.F.;2;0;Campos de Sport del Sardinero;SARACHO;L-AMOS;11;L-LOREDO;32;;;;;;;;;;;;;;;;;;;;;;;;;;;;;;;;;;;;;;;;;;;;
1929-30;1;15;09/03/1930;Real Unión Club;Athletic Club;1;1;Estadio Gal;INSAUSTI;L-URTIZBEREA;30;V-CHIRRI II;3;;;;;;;;;;;;;;;;;;;;;;;;;;;;;;;;;;;;;;;;;;;;
1929-30;1;16;16/03/1930;Athletic Club;F.C. Barcelona;4;3;San Mamés;MELCON BARTOLOME;L-CHIRRI II;1;L-GOROSTIZA;16;L-LAFUENTE;25;L-GOROSTIZA;82;V-DIEGO M.;35;V-BESTIT;37;V-AROCHA;38;;;;;;;;;;;;;;;;;;;;;;;;;;;;;;;;;;
1929-30;1;16;16/03/1930;R.C.D. Espanyol;Arenas de Guecho;1;0;Sarriá;VILLENA;L-GALLART S.;42;;;;;;;;;;;;;;;;;;;;;;;;;;;;;;;;;;;;;;;;;;;;;;
1929-30;1;16;16/03/1930;Real Racing Club;Real Unión Club;4;2;Campos de Sport del Sardinero;ARECES;L-CLADERA;18;L-LOREDO;48;L-CLADERA;56;L-TORON;84;V-L. REGUEIRO;17;V-URTIZBEREA;37;;;;;;;;;;;;;;;;;;;;;;;;;;;;;;;;;;;;
1929-30;1;16;16/03/1930;Real Sociedad;At. de Madrid;2;0;Atocha;COMORERA GATVELLES;L-P. BIENZOBAS;7;L-CHOLIN;58;;;;;;;;;;;;;;;;;;;;;;;;;;;;;;;;;;;;;;;;;;;;
1929-30;1;16;16/03/1930;Real Madrid C.F.;C.D. Europa;6;1;Chamartín;INSAUSTI;L-RUBIO M.;23;L-RUBIO M.;47;L-LAZCANO;60;L-COSME;71;L-GALE;75;L-COSME;82;V-CROS;50;;;;;;;;;;;;;;;;;;;;;;;;;;;;;;;;;;
1929-30;1;17;22/03/1930;C.D. Europa;Real Racing Club;5;0;El Ginardó;INSAUSTI;L-CIORDIA;15;L-LAYOLA;38;L-CIORDIA;51;L-VIGUERAS;66;L-BESTIT II;80;;;;;;;;;;;;;;;;;;;;;;;;;;;;;;;;;;;;;;
1929-30;1;17;23/03/1930;Arenas de Guecho;Real Madrid C.F.;5;1;Ibaiondo;MARTIN;L-MENCHACA;16;L-RIVERO U.;32;L-RIVERO U.;52;L-RIVERO U.;66;L-GURRUCHAGA;70;V-LLANTADA;15;;;;;;;;;;;;;;;;;;;;;;;;;;;;;;;;;;;;
1929-30;1;17;23/03/1930;At. de Madrid;Athletic Club;3;4;Stadium Metropolitano;INSAUSTI;L-CUESTA;31;L-COSTA C.;32;L-CUESTA;42;V-BATA;29;V-GOROSTIZA;49;V-IRARAGORRI;52;V-GOROSTIZA;59;;;;;;;;;;;;;;;;;;;;;;;;;;;;;;;;;;
1929-30;1;17;23/03/1930;F.C. Barcelona;R.C.D. Espanyol;5;4;Les Corts;PEDRO ESCARTIN MORAN;L-GOIBURU;14;L-BESTIT;32;L-GOIBURU;35;L-AROCHA;85;L-MARTI B.;87;V-SOLE JUNOY;12;V-PADRON M.;21;V-GALLART S.;68;V-VANTOLRA;70;;;;;;;;;;;;;;;;;;;;;;;;;;;;;;
1929-30;1;17;23/03/1930;Real Unión Club;Real Sociedad;3;2;Estadio Gal;CRUELLA;L-URTIZBEREA;10;L-L. REGUEIRO;18;L-ZALDUA A.;21;V-P. BIENZOBAS;54;V-P. BIENZOBAS;76;;;;;;;;;;;;;;;;;;;;;;;;;;;;;;;;;;;;;;
1929-30;1;18;30/03/1930;Arenas de Guecho;At. de Madrid;2;1;Ibaiondo;BARRENA;L-ANDUIZA;62;L-RIVERO U.;86;V-MARIN;78;;;;;;;;;;;;;;;;;;;;;;;;;;;;;;;;;;;;;;;;;;
1929-30;1;18;30/03/1930;R.C.D. Espanyol;Real Sociedad;3;1;Sarriá;COMORERA GATVELLES;L-ZAMORETA;3;L-PADRON M.;68;L-PADRON M.;87;V-BELAUSTE;56;;;;;;;;;;;;;;;;;;;;;;;;;;;;;;;;;;;;;;;;
1929-30;1;18;30/03/1930;Real Racing Club;Athletic Club;2;3;Campos de Sport del Sardinero;INSAUSTI;L-LARRINAGA;12;L-BARAGAÑO;68;V-IRARAGORRI;35;V-VICT. UNAMUNO;44;V-VICT. UNAMUNO;69;;;;;;;;;;;;;;;;;;;;;;;;;;;;;;;;;;;;;;
1929-30;1;18;30/03/1930;Real Unión Club;C.D. Europa;3;4;Estadio Gal;ARECES;L-URTIZBEREA;30;L-URTIZBEREA;41;L-SAGARZAZU M.;65;V-BESTIT II;54;V-BESTIT II;60;V-ESCRICH;78;V-BESTIT II;82;;;;;;;;;;;;;;;;;;;;;;;;;;;;;;;;;;
1929-30;1;18;30/03/1930;Real Madrid C.F.;F.C. Barcelona;5;1;Chamartín;STEIMBORN LUDEUVIK;L-RUBIO M.;5;L-RUBIO M.;23;L-LAZCANO;42;L-LAZCANO;68;L-LAZCANO;72;V-GOIBURU;84;;;;;;;;;;;;;;;;;;;;;;;;;;;;;;;;;;;;
1930-31;1;1;07/12/1930;Arenas de Guecho;Real Unión Club;1;2;Ibaiondo;VILALTA BARS;L-EMERY A.;11;V-URTIZBEREA;30;V-SAGARZAZU M.;35;;;;;;;;;;;;;;;;;;;;;;;;;;;;;;;;;;;;;;;;;;
1930-31;1;1;07/12/1930;F.C. Barcelona;Athletic Club;6;3;Les Corts;PEDRO ESCARTIN MORAN;L-DIEGO M.;10;L-AROCHA;17;L-BESTIT;28;L-AROCHA;46;L-DIEGO M.;57;L-DIEGO M.;58;V-IRARAGORRI;15;V-IRARAGORRI;52;V-GOROSTIZA;89;;;;;;;;;;;;;;;;;;;;;;;;;;;;;;
1930-31;1;1;07/12/1930;Real Racing Club;C.D. Europa;2;1;Campos de Sport del Sardinero;STEIMBORN LUDEUVIK;L-CISCO;85;L-BARAGAÑO;88;V-CALVET M.;34;;;;;;;;;;;;;;;;;;;;;;;;;;;;;;;;;;;;;;;;;;
1930-31;1;1;07/12/1930;Real Sociedad;C.D. Alavés;2;2;Atocha;MELCON BARTOLOME;L-CHOLIN;33;L-CHOLIN;77;V-OLIVARES;26;V-OLIVARES;51;;;;;;;;;;;;;;;;;;;;;;;;;;;;;;;;;;;;;;;;
1930-31;1;1;07/12/1930;Real Madrid C.F.;R.C.D. Espanyol;2;0;Chamartín;ARECES;L-LAZCANO;44;L-LEONCITO;73;;;;;;;;;;;;;;;;;;;;;;;;;;;;;;;;;;;;;;;;;;;;
1930-31;1;2;14/12/1930;Athletic Club;Real Sociedad;6;1;San Mamés;BALAGUER;L-URIBE, L.;14;L-GARIZURRIETA;30;L-GOROSTIZA;40;L-URIBE, L.;50;L-BATA;66;L-GOROSTIZA;85;V-AMADEO L.;8;;;;;;;;;;;;;;;;;;;;;;;;;;;;;;;;;;
1930-31;1;2;14/12/1930;C.D. Alavés;Arenas de Guecho;3;2;Mendizorroza;SERRANO DE LA MATA;L-OLIVARES;1;L-OLIVARES;9;L-OLIVARES;56;V-MENCHACA;13;V-GARCIA L.;29;;;;;;;;;;;;;;;;;;;;;;;;;;;;;;;;;;;;;;
1930-31;1;2;14/12/1930;R.C.D. Espanyol;Real Racing Club;4;1;Sarriá;OSTALE GOMEZ;L-PRAT;14;L-TENA II;30;L-MUÑOZ C.;35;L-PRAT;61;V-TELETE;50;;;;;;;;;;;;;;;;;;;;;;;;;;;;;;;;;;;;;;
1930-31;1;2;14/12/1930;C.D. Europa;F.C. Barcelona;2;2;El Ginardó;COLL;L-CALVET M.;38;L-OBIOLS;51;V-BESTIT;9;V-AROCHA;43;;;;;;;;;;;;;;;;;;;;;;;;;;;;;;;;;;;;;;;;
1930-31;1;2;27/01/1931;Real Unión Club;Real Madrid C.F.;1;1;Estadio Gal;QUINTANA;L-L. REGUEIRO;70;V-LAZCANO;27;;;;;;;;;;;;;;;;;;;;;;;;;;;;;;;;;;;;;;;;;;;;
1930-31;1;3;21/12/1930;Arenas de Guecho;Real Madrid C.F.;4;1;Ibaiondo;STEIMBORN LUDEUVIK;L-CALERO;4;L-MANDALUNIZ;26;L-CALERO;65;L-MANDALUNIZ;75;V-GARCIA PUERTA;48;;;;;;;;;;;;;;;;;;;;;;;;;;;;;;;;;;;;;;
1930-31;1;3;21/12/1930;C.D. Alavés;R.C.D. Espanyol;4;1;Mendizorroza;MELCON BARTOLOME;L-OLIVARES;47;L-LECUE;52;L-OLIVARES;73;L-OLIVARES;81;V-JUVE;55;;;;;;;;;;;;;;;;;;;;;;;;;;;;;;;;;;;;;;
1930-31;1;3;21/12/1930;C.D. Europa;Real Unión Club;2;1;El Ginardó;OSTALE GOMEZ;L-LAYOLA;1;L-ALCAZAR A.;15;V-VILLAVERDE, A;89;;;;;;;;;;;;;;;;;;;;;;;;;;;;;;;;;;;;;;;;;;
1930-31;1;3;21/12/1930;Real Racing Club;Athletic Club;4;1;Campos de Sport del Sardinero;INSAUSTI;L-BARAGAÑO;26;L-BARAGAÑO;56;L-CISCO;60;L-TELETE;76;V-BATA;6;;;;;;;;;;;;;;;;;;;;;;;;;;;;;;;;;;;;;;
1930-31;1;3;21/12/1930;Real Sociedad;F.C. Barcelona;4;1;Atocha;BALAGUER;L-CHOLIN;10;L-P. BIENZOBAS;16;L-MARISCAL B.;31;L-P. BIENZOBAS;37;V-AROCHA;28;;;;;;;;;;;;;;;;;;;;;;;;;;;;;;;;;;;;;;
1930-31;1;4;25/12/1930;Real Madrid C.F.;C.D. Europa;3;1;Chamartín;VALLANA JEANGUENAT;L-GURRUCHAGA;18;L-LAZCANO;28;L-LAZCANO;42;V-ALCAZAR A.;88;;;;;;;;;;;;;;;;;;;;;;;;;;;;;;;;;;;;;;;;
1930-31;1;4;28/12/1930;Athletic Club;C.D. Alavés;7;1;San Mamés;VALLANA JEANGUENAT;L-BATA;9;L-BATA;29;L-GOROSTIZA;33;L-ROBERTO E.A.;42;L-URIBE, L.;46;L-IRARAGORRI;73;L-BATA;74;V-LECUE;40;;;;;;;;;;;;;;;;;;;;;;;;;;;;;;;;
1930-31;1;4;28/12/1930;F.C. Barcelona;Real Racing Club;1;1;Les Corts;PEDRO ESCARTIN MORAN;L-DIEGO M.;67;V-CISCO;14;;;;;;;;;;;;;;;;;;;;;;;;;;;;;;;;;;;;;;;;;;;;
1930-31;1;4;28/12/1930;R.C.D. Espanyol;Arenas de Guecho;5;0;Sarriá;QUINTANA;L-SOLE JUNOY;52;L-JUVE;67;L-EDELMIRO;75;L-EDELMIRO;81;L-EDELMIRO;88;;;;;;;;;;;;;;;;;;;;;;;;;;;;;;;;;;;;;;
1930-31;1;4;28/12/1930;Real Unión Club;Real Sociedad;2;4;Estadio Gal;SERRANO DE LA MATA;L-P. REGUEIRO;15;L-SAGARZAZU M.;72;V-P. BIENZOBAS;26;V-P. BIENZOBAS;28;V-MARISCAL B.;85;V-MARISCAL B.;88;;;;;;;;;;;;;;;;;;;;;;;;;;;;;;;;;;;;
1930-31;1;5;04/01/1931;Arenas de Guecho;F.C. Barcelona;5;0;Ibaiondo;BALAGUER;L-YERMO;19;L-CALERO;23;L-YERMO;24;L-EMILIN A.;53;L-EMILIN A.;63;;;;;;;;;;;;;;;;;;;;;;;;;;;;;;;;;;;;;;
1930-31;1;5;04/01/1931;C.D. Europa;Athletic Club;2;1;El Ginardó;MELCON BARTOLOME;L-GIRONES;7;L-BESTIT II;15;V-ROBERTO E.A.;27;;;;;;;;;;;;;;;;;;;;;;;;;;;;;;;;;;;;;;;;;;
1930-31;1;5;04/01/1931;Real Racing Club;Real Sociedad;2;5;Campos de Sport del Sardinero;COMORERA GATVELLES;L-SANTI Z.;4;L-LARRINAGA;29;V-BARAGAÑO;44;V-P. BIENZOBAS;49;V-CHOLIN;64;V-GARMENDIA;83;V-GARMENDIA;86;;;;;;;;;;;;;;;;;;;;;;;;;;;;;;;;;;
1930-31;1;5;04/01/1931;Real Unión Club;R.C.D. Espanyol;6;1;Estadio Gal;QUINTANA;L-RENE PETIT;16;L-L. REGUEIRO;20;L-URTIZBEREA;46;L-URTIZBEREA;56;L-RENE PETIT;60;L-URTIZBEREA;82;V-BOSCH E.;53;;;;;;;;;;;;;;;;;;;;;;;;;;;;;;;;;;
1930-31;1;5;04/01/1931;Real Madrid C.F.;C.D. Alavés;1;0;Chamartín;BALAGUER;L-GARCIA PUERTA;43;;;;;;;;;;;;;;;;;;;;;;;;;;;;;;;;;;;;;;;;;;;;;;
1930-31;1;6;11/01/1931;Athletic Club;Arenas de Guecho;5;2;San Mamés;SERRANO DE LA MATA;L-GOROSTIZA;2;L-CHIRRI II;5;L-BATA;12;L-BATA;43;L-IRARAGORRI;54;V-GERARDO B.;28;V-MENCHACA;80;;;;;;;;;;;;;;;;;;;;;;;;;;;;;;;;;;
1930-31;1;6;11/01/1931;F.C. Barcelona;R.C.D. Espanyol;6;2;Les Corts;LEDESMA;L-AROCHA;10;L-BESTIT;16;L-AROCHA;20;L-BESTIT;25;L-AROCHA;69;L-ROIG, J.;81;V-EDELMIRO;14;V-EDELMIRO;48;;;;;;;;;;;;;;;;;;;;;;;;;;;;;;;;
1930-31;1;6;11/01/1931;C.D. Alavés;Real Unión Club;3;1;Mendizorroza;PEDRO ESCARTIN MORAN;L-ALBENIZ;53;L-ALBENIZ;60;L-OLIVARES;70;V-URTIZBEREA;49;;;;;;;;;;;;;;;;;;;;;;;;;;;;;;;;;;;;;;;;
1930-31;1;6;11/01/1931;Real Racing Club;Real Madrid C.F.;3;0;Campos de Sport del Sardinero;INSAUSTI;L-LARRINAGA;15;L-TELETE;67;L-CISCO;89;;;;;;;;;;;;;;;;;;;;;;;;;;;;;;;;;;;;;;;;;;
1930-31;1;6;11/01/1931;Real Sociedad;C.D. Europa;3;1;Atocha;ARECES;L-P. BIENZOBAS;12;L-CHOLIN;17;L-MARISCAL B.;34;V-MIRO ?;37;;;;;;;;;;;;;;;;;;;;;;;;;;;;;;;;;;;;;;;;
1930-31;1;7;18/01/1931;Arenas de Guecho;Real Sociedad;1;3;Ibaiondo;VILALTA BARS;L-CALERO;40;V-AMADEO L.;64;V-GARMENDIA;70;V-CHOLIN;89;;;;;;;;;;;;;;;;;;;;;;;;;;;;;;;;;;;;;;;;
1930-31;1;7;18/01/1931;C.D. Alavés;Real Racing Club;2;5;Mendizorroza;STEIMBORN LUDEUVIK;L-ALBENIZ;18;L-CEBALLOS;53;V-LARRINAGA;27;V-IBARRA E.;48;V-IBARRA E.;50;V-TELETE;68;V-TELETE;81;;;;;;;;;;;;;;;;;;;;;;;;;;;;;;;;;;
1930-31;1;7;18/01/1931;R.C.D. Espanyol;C.D. Europa;4;0;Sarriá;COMORERA GATVELLES;L-BONAL;36;L-BESOLI;50;L-PRAT;53;L-EDELMIRO;68;;;;;;;;;;;;;;;;;;;;;;;;;;;;;;;;;;;;;;;;
1930-31;1;7;18/01/1931;Real Unión Club;F.C. Barcelona;1;1;Estadio Gal;ARECES;L-SAGARZAZU M.;26;V-AROCHA;40;;;;;;;;;;;;;;;;;;;;;;;;;;;;;;;;;;;;;;;;;;;;
1930-31;1;7;18/01/1931;Real Madrid C.F.;Athletic Club;0;6;Chamartín;OSTALE GOMEZ;V-GOROSTIZA;2;V-CHIRRI II;10;V-IRARAGORRI;20;V-BATA;22;V-IRARAGORRI;70;V-LAFUENTE;77;;;;;;;;;;;;;;;;;;;;;;;;;;;;;;;;;;;;
1930-31;1;8;25/01/1931;Athletic Club;R.C.D. Espanyol;5;1;San Mamés;INSAUSTI;L-IRARAGORRI;10;L-IRARAGORRI;20;L-URIBE, L.;30;L-URIBE, L.;55;L-GOROSTIZA;74;V-JUVE;89;;;;;;;;;;;;;;;;;;;;;;;;;;;;;;;;;;;;
1930-31;1;8;25/01/1931;F.C. Barcelona;C.D. Alavés;1;1;Les Corts;MELCON BARTOLOME;L-ARNAU P.;17;V-QUINCOCES II;41;;;;;;;;;;;;;;;;;;;;;;;;;;;;;;;;;;;;;;;;;;;;
1930-31;1;8;25/01/1931;C.D. Europa;Arenas de Guecho;1;4;El Ginardó;STEIMBORN LUDEUVIK;L-CALVET M.;20;V-SUAREZ, M.;23;V-JUANITO E.;28;V-CALERO;55;V-YERMO;75;;;;;;;;;;;;;;;;;;;;;;;;;;;;;;;;;;;;;;
1930-31;1;8;25/01/1931;Real Racing Club;Real Unión Club;4;1;Campos de Sport del Sardinero;PEDRO ESCARTIN MORAN;L-TELETE;10;L-IBARRA E.;12;L-TELETE;38;L-BARAGAÑO;46;V-URTIZBEREA;63;;;;;;;;;;;;;;;;;;;;;;;;;;;;;;;;;;;;;;
1930-31;1;8;25/01/1931;Real Sociedad;Real Madrid C.F.;2;1;Atocha;VALLANA JEANGUENAT;L-C. BIENZOBAS;20;L-C. BIENZOBAS;82;V-L. OLASO;16;;;;;;;;;;;;;;;;;;;;;;;;;;;;;;;;;;;;;;;;;;
1930-31;1;9;01/02/1931;Arenas de Guecho;Real Racing Club;4;2;Ibaiondo;COMORERA GATVELLES;L-SUAREZ, M.;44;L-YERMO;54;L-JUANITO E.;84;L-JUANITO E.;85;V-LOREDO;25;V-CISCO;70;;;;;;;;;;;;;;;;;;;;;;;;;;;;;;;;;;;;
1930-31;1;9;01/02/1931;C.D. Alavés;C.D. Europa;2;0;Mendizorroza;OSTALE GOMEZ;L-ALBENIZ;28;L-OLIVARES;47;;;;;;;;;;;;;;;;;;;;;;;;;;;;;;;;;;;;;;;;;;;;
1930-31;1;9;01/02/1931;R.C.D. Espanyol;Real Sociedad;1;0;Sarriá;ARECES;L-JUVE;31;;;;;;;;;;;;;;;;;;;;;;;;;;;;;;;;;;;;;;;;;;;;;;
1930-31;1;9;01/02/1931;Real Unión Club;Athletic Club;2;3;Estadio Gal;VILALTA BARS;L-ELICEGUI;62;L-L. REGUEIRO;85;V-GOROSTIZA;20;V-IRARAGORRI;41;V-GOROSTIZA;49;;;;;;;;;;;;;;;;;;;;;;;;;;;;;;;;;;;;;;
1930-31;1;9;01/02/1931;Real Madrid C.F.;F.C. Barcelona;0;0;Chamartín;INSAUSTI;;;;;;;;;;;;;;;;;;;;;;;;;;;;;;;;;;;;;;;;;;;;;;;;
1930-31;1;10;08/02/1931;Athletic Club;F.C. Barcelona;12;1;San Mamés;BALAGUER;L-BATA;2;L-BATA;8;L-BATA;24;L-GOROSTIZA;27;L-LAFUENTE;36;L-BATA;37;L-GARIZURRIETA;55;L-BATA;57;L-BATA;60;L-BATA;68;L-ZABALO;71;L-IRARAGORRI;83;V-GOIBURU;10;;;;;;;;;;;;;;;;;;;;;;
1930-31;1;10;08/02/1931;C.D. Alavés;Real Sociedad;1;2;Mendizorroza;COMORERA GATVELLES;L-ALBENIZ;33;V-P. BIENZOBAS;30;V-GARMENDIA;57;;;;;;;;;;;;;;;;;;;;;;;;;;;;;;;;;;;;;;;;;;
1930-31;1;10;08/02/1931;R.C.D. Espanyol;Real Madrid C.F.;1;1;Sarriá;OSTALE GOMEZ;L-EDELMIRO;37;V-LAZCANO;48;;;;;;;;;;;;;;;;;;;;;;;;;;;;;;;;;;;;;;;;;;;;
1930-31;1;10;08/02/1931;C.D. Europa;Real Racing Club;1;2;El Ginardó;SERRANO DE LA MATA;L-BESTIT II;40;V-CISCO;31;V-LARRINAGA;33;;;;;;;;;;;;;;;;;;;;;;;;;;;;;;;;;;;;;;;;;;
1930-31;1;10;08/02/1931;Real Unión Club;Arenas de Guecho;2;2;Estadio Gal;CANGA ARGUELLES;L-L. REGUEIRO;32;L-L. REGUEIRO;67;V-FERNANDEZ ?;3;V-MANDALUNIZ;21;;;;;;;;;;;;;;;;;;;;;;;;;;;;;;;;;;;;;;;;
1930-31;1;11;15/02/1931;Arenas de Guecho;C.D. Alavés;1;1;Ibaiondo;SERRANO DE LA MATA;L-CALERO;40;V-CRESPO, J.;86;;;;;;;;;;;;;;;;;;;;;;;;;;;;;;;;;;;;;;;;;;;;
1930-31;1;11;15/02/1931;F.C. Barcelona;C.D. Europa;0;2;Les Corts;ARRIBAS SEIJAS;V-BESTIT II;3;V-BESTIT II;33;;;;;;;;;;;;;;;;;;;;;;;;;;;;;;;;;;;;;;;;;;;;
1930-31;1;11;15/02/1931;Real Racing Club;R.C.D. Espanyol;4;0;Campos de Sport del Sardinero;MELCON BARTOLOME;L-TELETE;15;L-CISCO;49;L-TELETE;80;L-TELETE;85;;;;;;;;;;;;;;;;;;;;;;;;;;;;;;;;;;;;;;;;
1930-31;1;11;15/02/1931;Real Sociedad;Athletic Club;1;0;Atocha;VILALTA BARS;L-C. BIENZOBAS;28;;;;;;;;;;;;;;;;;;;;;;;;;;;;;;;;;;;;;;;;;;;;;;
1930-31;1;11;15/02/1931;Real Madrid C.F.;Real Unión Club;3;0;Chamartín;QUINTANA;L-MORERA L.;23;L-EMERY A.;46;L-MORERA L.;50;;;;;;;;;;;;;;;;;;;;;;;;;;;;;;;;;;;;;;;;;;
1930-31;1;12;22/02/1931;Athletic Club;Real Racing Club;7;1;San Mamés;PEDRO ESCARTIN MORAN;L-CHIRRI II;8;L-BATA;25;L-GOROSTIZA;37;L-GOROSTIZA;63;L-BATA;68;L-BATA;76;L-BATA;81;V-SANTI Z.;35;;;;;;;;;;;;;;;;;;;;;;;;;;;;;;;;
1930-31;1;12;22/02/1931;F.C. Barcelona;Real Sociedad;5;1;Les Corts;BALAGUER;L-AROCHA;16;L-AROCHA;23;L-SASTRE P.;34;L-AROCHA;40;L-PIERA;89;V-CHOLIN;37;;;;;;;;;;;;;;;;;;;;;;;;;;;;;;;;;;;;
1930-31;1;12;22/02/1931;R.C.D. Espanyol;C.D. Alavés;2;0;Sarriá;INSAUSTI;L-BESOLI;15;L-EDELMIRO;34;;;;;;;;;;;;;;;;;;;;;;;;;;;;;;;;;;;;;;;;;;;;
1930-31;1;12;22/02/1931;Real Unión Club;C.D. Europa;4;3;Estadio Gal;ARECES;L-RENE PETIT;26;L-L. REGUEIRO;55;L-VILLAVERDE, A;65;L-URTIZBEREA;77;V-P. REGUEIRO;9;V-MIRO ?;53;V-MAURICIO S.;89;;;;;;;;;;;;;;;;;;;;;;;;;;;;;;;;;;
1930-31;1;12;22/02/1931;Real Madrid C.F.;Arenas de Guecho;1;2;Chamartín;STEIMBORN LUDEUVIK;L-LEONCITO;89;V-EMILIN A.;40;V-RIVERO U.;75;;;;;;;;;;;;;;;;;;;;;;;;;;;;;;;;;;;;;;;;;;
1930-31;1;13;01/03/1931;Arenas de Guecho;R.C.D. Espanyol;1;0;Ibaiondo;PEDRO ESCARTIN MORAN;L-URRESTI;34;;;;;;;;;;;;;;;;;;;;;;;;;;;;;;;;;;;;;;;;;;;;;;
1930-31;1;13;01/03/1931;C.D. Alavés;Athletic Club;1;4;Mendizorroza;VALLANA JEANGUENAT;L-MURUA ?;11;V-BATA;30;V-CHIRRI II;56;V-BATA;68;V-IRARAGORRI;83;;;;;;;;;;;;;;;;;;;;;;;;;;;;;;;;;;;;;;
1930-31;1;13;01/03/1931;C.D. Europa;Real Madrid C.F.;0;3;El Ginardó;STEIMBORN LUDEUVIK;V-LEONCITO;26;V-EUGENIO;63;V-LEONCITO;71;;;;;;;;;;;;;;;;;;;;;;;;;;;;;;;;;;;;;;;;;;
1930-31;1;13;01/03/1931;Real Racing Club;F.C. Barcelona;0;1;Campos de Sport del Sardinero;MELCON BARTOLOME;V-SAGI;44;;;;;;;;;;;;;;;;;;;;;;;;;;;;;;;;;;;;;;;;;;;;;;
1930-31;1;13;01/03/1931;Real Sociedad;Real Unión Club;3;3;Atocha;ARECES;L-P. BIENZOBAS;29;L-MARISCAL B.;44;L-CHOLIN;52;V-URTIZBEREA;6;V-GAMBORENA;16;V-L. REGUEIRO;31;;;;;;;;;;;;;;;;;;;;;;;;;;;;;;;;;;;;
1930-31;1;14;08/03/1931;Athletic Club;C.D. Europa;4;1;San Mamés;INSAUSTI;L-BATA;4;L-CHIRRI II;20;L-BATA;27;L-BATA;81;V-LAYOLA;62;;;;;;;;;;;;;;;;;;;;;;;;;;;;;;;;;;;;;;
1930-31;1;14;08/03/1931;F.C. Barcelona;Arenas de Guecho;2;0;Les Corts;OSTALE GOMEZ;L-GOIBURU;18;L-AROCHA;47;;;;;;;;;;;;;;;;;;;;;;;;;;;;;;;;;;;;;;;;;;;;
1930-31;1;14;08/03/1931;C.D. Alavés;Real Madrid C.F.;2;0;Mendizorroza;VILALTA BARS;L-ALBENIZ;27;L-ALBENIZ;76;;;;;;;;;;;;;;;;;;;;;;;;;;;;;;;;;;;;;;;;;;;;
1930-31;1;14;08/03/1931;R.C.D. Espanyol;Real Unión Club;4;2;Sarriá;QUINTANA;L-EDELMIRO;18;L-TRABAL;70;L-EDELMIRO;75;L-BESOLI;79;V-SAGARZAZU M.;40;V-URTIZBEREA;89;;;;;;;;;;;;;;;;;;;;;;;;;;;;;;;;;;;;
1930-31;1;14;08/03/1931;Real Sociedad;Real Racing Club;4;7;Atocha;MONTERO RAMON;L-CHOLIN;20;L-GARMENDIA;32;L-C. BIENZOBAS;37;L-CHOLIN;71;V-IBARRA E.;1;V-LOREDO;3;V-CISCO;17;V-OSCAR R.;22;V-OSCAR R.;47;V-OSCAR R.;48;V-LOREDO;76;;;;;;;;;;;;;;;;;;;;;;;;;;
1930-31;1;15;14/03/1931;C.D. Europa;Real Sociedad;2;1;El Ginardó;ADRADOS;L-AYESTARAN;40;L-MIRO ?;63;V-CHOLIN;15;;;;;;;;;;;;;;;;;;;;;;;;;;;;;;;;;;;;;;;;;;
1930-31;1;15;15/03/1931;Arenas de Guecho;Athletic Club;3;2;Ibaiondo;GUMB;L-YERMO;15;L-CALERO;43;L-YERMO;63;V-GOROSTIZA;72;V-BATA;83;;;;;;;;;;;;;;;;;;;;;;;;;;;;;;;;;;;;;;
1930-31;1;15;15/03/1931;Real Unión Club;C.D. Alavés;4;1;Estadio Gal;PEDRO ESCARTIN MORAN;L-URTIZBEREA;30;L-URTIZBEREA;44;L-SAGARZAZU M.;58;L-L. REGUEIRO;81;V-JAUREGUI U.;18;;;;;;;;;;;;;;;;;;;;;;;;;;;;;;;;;;;;;;
1930-31;1;15;15/03/1931;Real Madrid C.F.;Real Racing Club;0;0;Chamartín;VALLANA JEANGUENAT;;;;;;;;;;;;;;;;;;;;;;;;;;;;;;;;;;;;;;;;;;;;;;;;
1930-31;1;15;17/03/1931;R.C.D. Espanyol;F.C. Barcelona;4;4;Sarriá;BALAGUER;L-EDELMIRO;13;L-BONAL;21;L-SOLE JUNOY;26;L-BESOLI;81;V-SASTRE P.;7;V-AROCHA;16;V-AROCHA;44;V-AROCHA;66;;;;;;;;;;;;;;;;;;;;;;;;;;;;;;;;
1930-31;1;16;22/03/1931;Athletic Club;Real Madrid C.F.;2;4;San Mamés;VILALTA BARS;L-BATA;1;L-GOROSTIZA;9;V-VALDERRAMA, M;22;V-EUGENIO;23;V-COSME;39;V-EUGENIO;80;;;;;;;;;;;;;;;;;;;;;;;;;;;;;;;;;;;;
1930-31;1;16;22/03/1931;F.C. Barcelona;Real Unión Club;5;3;Les Corts;OSTALE GOMEZ;L-SASTRE P.;14;L-BESTIT;21;L-AROCHA;38;L-BESTIT;62;L-BESTIT;77;V-ELICEGUI;49;V-L. REGUEIRO;54;V-URTIZBEREA;87;;;;;;;;;;;;;;;;;;;;;;;;;;;;;;;;
1930-31;1;16;22/03/1931;C.D. Europa;R.C.D. Espanyol;3;1;El Ginardó;COMORERA GATVELLES;L-ESCRICH;15;L-MIRO ?;63;L-BESTIT II;85;V-BESOLI;49;;;;;;;;;;;;;;;;;;;;;;;;;;;;;;;;;;;;;;;;
1930-31;1;16;22/03/1931;Real Racing Club;C.D. Alavés;4;0;Campos de Sport del Sardinero;STEIMBORN LUDEUVIK;L-TELETE;3;L-TELETE;4;L-CEBALLOS;37;L-TELETE;76;;;;;;;;;;;;;;;;;;;;;;;;;;;;;;;;;;;;;;;;
1930-31;1;16;22/03/1931;Real Sociedad;Arenas de Guecho;4;1;Atocha;MELCON BARTOLOME;L-GARMENDIA;22;L-CHOLIN;32;L-CHOLIN;56;L-P. BIENZOBAS;87;V-YERMO;23;;;;;;;;;;;;;;;;;;;;;;;;;;;;;;;;;;;;;;
1930-31;1;17;29/03/1931;Arenas de Guecho;C.D. Europa;1;0;Ibaiondo;BALAGUER;L-URRESTI;65;;;;;;;;;;;;;;;;;;;;;;;;;;;;;;;;;;;;;;;;;;;;;;
1930-31;1;17;29/03/1931;C.D. Alavés;F.C. Barcelona;1;1;Mendizorroza;INSAUSTI;L-ALBENIZ;22;V-GOIBURU;74;;;;;;;;;;;;;;;;;;;;;;;;;;;;;;;;;;;;;;;;;;;;
1930-31;1;17;29/03/1931;R.C.D. Espanyol;Athletic Club;0;4;Sarriá;ARECES;V-GOROSTIZA;10;V-VICT. UNAMUNO;16;V-GOROSTIZA;37;V-GOROSTIZA;71;;;;;;;;;;;;;;;;;;;;;;;;;;;;;;;;;;;;;;;;
1930-31;1;17;29/03/1931;Real Unión Club;Real Racing Club;4;3;Estadio Gal;SERRANO DE LA MATA;L-L. REGUEIRO;5;L-L. REGUEIRO;16;L-URTIZBEREA;18;L-RENE PETIT;86;V-IBARRA E.;23;V-LARRINAGA;26;V-OSCAR R.;42;;;;;;;;;;;;;;;;;;;;;;;;;;;;;;;;;;
1930-31;1;17;29/03/1931;Real Madrid C.F.;Real Sociedad;2;0;Chamartín;QUINTANA;L-L. OLASO;27;L-COSME;75;;;;;;;;;;;;;;;;;;;;;;;;;;;;;;;;;;;;;;;;;;;;
1930-31;1;18;05/04/1931;Athletic Club;Real Unión Club;1;2;San Mamés;QUINTANA;L-BATA;47;V-URTIZBEREA;8;V-URTIZBEREA;53;;;;;;;;;;;;;;;;;;;;;;;;;;;;;;;;;;;;;;;;;;
1930-31;1;18;05/04/1931;F.C. Barcelona;Real Madrid C.F.;3;1;Les Corts;VALLANA JEANGUENAT;L-RAMON P.;12;L-RAMON P.;35;L-RAMON P.;73;V-EUGENIO;38;;;;;;;;;;;;;;;;;;;;;;;;;;;;;;;;;;;;;;;;
1930-31;1;18;05/04/1931;C.D. Europa;C.D. Alavés;1;0;El Ginardó;VILALTA BARS;L-BESTIT II;45;;;;;;;;;;;;;;;;;;;;;;;;;;;;;;;;;;;;;;;;;;;;;;
1930-31;1;18;05/04/1931;Real Racing Club;Arenas de Guecho;4;1;Campos de Sport del Sardinero;MELCON BARTOLOME;L-CLADERA;23;L-CISCO;47;L-LARRINAGA;52;L-SANTI Z.;84;V-FERNANDEZ ?;56;;;;;;;;;;;;;;;;;;;;;;;;;;;;;;;;;;;;;;
1930-31;1;18;05/04/1931;Real Sociedad;R.C.D. Espanyol;2;1;Atocha;SERRANO DE LA MATA;L-GARMENDIA;8;L-P. BIENZOBAS;57;V-BESOLI;62;;;;;;;;;;;;;;;;;;;;;;;;;;;;;;;;;;;;;;;;;;
